{"cameraMode":{"drawMode":0,"name":"Shaded","section":"Shading Mode"},"sceneLighting":true,"audioPlay":false,"sceneViewState":{"showFog":true,"showMaterialUpdate":false,"showSkybox":true,"showFlares":true,"showImageEffects":true,"showParticleSystems":true},"in2DMode":false,"pivot":{"x":253.99618530273438,"y":108.216552734375,"z":575.3601684570313},"rotation":{"x":-0.06894958764314652,"y":-0.09353968501091004,"z":0.006493682507425547,"w":-0.9932036399841309},"size":1947.374755859375,"orthographic":false}